﻿<?xml version="1.0" encoding="utf-8" ?>
<c2eventsheet>
    <!--All the 'name' attributes are ignored by Construct 2 - they are there for readability only.-->
    <name>gameover event</name>
    <events>
        <event-block sid="314354252250834">
            <conditions>
                <condition id="-2" name="On start of layout" sid="559351971237404" type="System" />
            </conditions>
            <actions>
                <action id="5" name="Set web font" sid="642763925210793" type="lblGameOver">
                    <param id="0" name="Family name">&quot;Press Start 2P&quot;</param>
                    <param id="1" name="CSS URL">&quot;https://fonts.googleapis.com/css?family=Press+Start+2P&quot;</param>
                </action>
            </actions>
        </event-block>
        <event-block sid="326961135813901">
            <conditions>
                <condition id="-1" name="Every tick" sid="228411070425592" type="System" />
            </conditions>
            <actions />
            <sub-events>
                <event-block sid="443128438455199">
                    <conditions>
                        <condition id="-2" name="Compare Y" sid="493215808174164" type="lblGameOver">
                            <param id="0" name="Comparison">3</param>
                            <param id="1" name="Y co-ordinate">240</param>
                        </condition>
                        <condition id="-4" name="Trigger once while true" sid="240497954576478" type="System" />
                    </conditions>
                    <actions>
                        <action behavior="Bullet" id="2" name="Set gravity" sid="515793144303881" type="lblGameOver">
                            <param id="0" name="Gravity">0</param>
                        </action>
                        <action behavior="Bullet" id="0" name="Set speed" sid="243653885358690" type="lblGameOver">
                            <param id="0" name="Speed">0</param>
                        </action>
                        <action behavior="Flash" id="0" name="Flash" sid="880773258304298" type="lblGameOver">
                            <param id="0" name="&apos;On&apos; time">0.5</param>
                            <param id="1" name="&apos;Off&apos; time">0.2</param>
                            <param id="2" name="Duration">100</param>
                        </action>
                        <action id="-16" name="Wait" sid="183926589479499" type="System">
                            <param id="0" name="Seconds">5</param>
                        </action>
                        <action id="0" name="Call function" sid="653634742963714" type="Function">
                            <param id="0" name="Name">&quot;reset&quot;</param>
                            <param id="1" name="Parameter {n}"></param>
                        </action>
                    </actions>
                </event-block>
            </sub-events>
        </event-block>
        <event-block sid="911805862559276">
            <conditions>
                <condition id="0" name="On function" sid="419743486543526" type="Function">
                    <param id="0" name="Name">&quot;reset&quot;</param>
                </condition>
            </conditions>
            <actions>
                <action id="-21" name="Reset global variables" sid="510109501599181" type="System" />
                <action id="-45" name="Reset persisted objects" sid="632691920885745" type="System" />
                <action id="-2" name="Go to layout" sid="219756041390419" type="System">
                    <param id="0" name="Layout">start</param>
                </action>
            </actions>
        </event-block>
    </events>
</c2eventsheet>
