﻿<?xml version="1.0" encoding="utf-8" ?>
<c2eventsheet>
    <!--All the 'name' attributes are ignored by Construct 2 - they are there for readability only.-->
    <name>end</name>
    <events>
        <event-block sid="737962968040937">
            <conditions>
                <condition id="-2" name="On start of layout" sid="200143635204956" type="System" />
            </conditions>
            <actions>
                <action id="5" name="Set web font" sid="813200971650575" type="lblEnd">
                    <param id="0" name="Family name">&quot;Press Start 2P&quot;</param>
                    <param id="1" name="CSS URL">&quot;https://fonts.googleapis.com/css?family=Press+Start+2P&quot;</param>
                </action>
                <action id="33" name="Stop all" sid="995051184075630" type="Audio" />
                <action id="0" name="Set text" sid="852229568531190" type="lblEnd">
                    <param id="0" name="Text">&quot;You saved the city!&#x0D;&#x0A;&#x0D;&#x0A;You set free all city houses, citizens can now go back indoor.&#x0D;&#x0A;&#x0D;&#x0A;Good job, GhostRayder !&quot;</param>
                </action>
            </actions>
        </event-block>
        <event-block sid="493647593838147">
            <conditions>
                <condition id="1" name="On any key pressed" sid="435649154622343" type="Keyboard" />
            </conditions>
            <actions>
                <action id="-2" name="Go to layout" sid="814813455206064" type="System">
                    <param id="0" name="Layout">start</param>
                </action>
            </actions>
        </event-block>
    </events>
</c2eventsheet>
